<?xml version="1.0" standalone="yes"?>
<NewDataSet>
  <xs:schema id="NewDataSet" xmlns="" xmlns:xs="http://www.w3.org/2001/XMLSchema" xmlns:msdata="urn:schemas-microsoft-com:xml-msdata">
    <xs:element name="NewDataSet" msdata:IsDataSet="true" msdata:UseCurrentLocale="true">
      <xs:complexType>
        <xs:choice minOccurs="0" maxOccurs="unbounded">
          <xs:element name="Region">
            <xs:complexType>
              <xs:sequence>
                <xs:element name="RegionID" msdata:AutoIncrement="true" msdata:AutoIncrementSeed="1" type="xs:int" />
                <xs:element name="RegionDescription" type="xs:string" />
              </xs:sequence>
            </xs:complexType>
          </xs:element>
        </xs:choice>
      </xs:complexType>
    </xs:element>
  </xs:schema>
  <Region>
    <RegionID>1</RegionID>
    <RegionDescription>Eastern                                           </RegionDescription>
  </Region>
  <Region>
    <RegionID>2</RegionID>
    <RegionDescription>Western                                           </RegionDescription>
  </Region>
  <Region>
    <RegionID>3</RegionID>
    <RegionDescription>Northern                                          </RegionDescription>
  </Region>
  <Region>
    <RegionID>4</RegionID>
    <RegionDescription>Southern                                          </RegionDescription>
  </Region>
</NewDataSet>