<?xml version="1.0" standalone="yes"?>
<NewDataSet>
  <Region>
    <RegionID>1</RegionID>
    <RegionDescription>Eastern                                           </RegionDescription>
  </Region>
  <Region>
    <RegionID>2</RegionID>
    <RegionDescription>Western                                           </RegionDescription>
  </Region>
  <Region>
    <RegionID>3</RegionID>
    <RegionDescription>Northern                                          </RegionDescription>
  </Region>
  <Region>
    <RegionID>4</RegionID>
    <RegionDescription>Southern                                          </RegionDescription>
  </Region>
</NewDataSet>